,Hotel Name,Stars,url,Accessible,Bar,Fitness center,Free Wi-Fi,Kid-friendly,Kitchen in rooms,Kitchen in some rooms,Onsen,Open air bath,Outdoor pool,Parking,Parking ($),Public bath,Restaurant,Sauna,Transfer
0,The Knot Tokyo Shinjuku,3,https://www.google.com/travel/search?q=tokyo%20hotels&ts=CAESCgoCCAMKAggDEAAaUAoyEi4yJTB4NjA1ZDFiODdmMDJlNTdlNzoweDJlMDE2MThiMjI1NzFiODk6BVRva3lvGgASGhIUCgcI6Q8QARgPEgcI6Q8QARgQGAEyAhAAKg4KCBIBAzoDVFdEGgAoCA&sa=X&qs=CAEgASgAMidDaGtJcGJlTTA4TEJrY2d4R2cwdlp5OHhNV1kxWW5JM05HSjRFQUU4DQ&ap=KigKEgl_39EwSNVBQBFa0eY-vXVhQBISCaIkV0Ww20FAEVrR5jIxd2FAMAE&ved=2ahUKEwj_nKCFybGKAxXESMIFHUPlFawQyvcEegQIAxA5,False,True,False,True,False,False,False,False,False,False,True,False,False,True,False,False
1,APA Hotel Asakusa Tawaramachi-Ekimae,3,https://www.google.com/travel/search?q=tokyo%20hotels&ts=CAESCgoCCAMKAggDEAAaUAoyEi4yJTB4NjA1ZDFiODdmMDJlNTdlNzoweDJlMDE2MThiMjI1NzFiODk6BVRva3lvGgASGhIUCgcI6Q8QARgPEgcI6Q8QARgQGAEyAhAAKg4KCBIBAzoDVFdEGgAoCA&sa=X&qs=CAEgASgAMidDaGtJc1B5WjJzU01xOXhKR2cwdlp5OHhNV00zYzNJME1ucGlFQUU4DQ&ap=KigKEgl_39EwSNVBQBFa0eY-vXVhQBISCaIkV0Ww20FAEVrR5jIxd2FAMAE&ved=2ahUKEwj_nKCFybGKAxXESMIFHUPlFawQyvcEegQIAxBU,True,False,False,True,True,False,False,False,True,False,False,True,True,True,False,False
2,APA Hotel & Resort Ryogoku Eki Tower,3,https://www.google.com/travel/search?q=tokyo%20hotels&ts=CAESCgoCCAMKAggDEAAaUAoyEi4yJTB4NjA1ZDFiODdmMDJlNTdlNzoweDJlMDE2MThiMjI1NzFiODk6BVRva3lvGgASGhIUCgcI6Q8QARgPEgcI6Q8QARgQGAEyAhAAKg4KCBIBAzoDVFdEGgAoCA&sa=X&qs=CAEgASgAMihDaG9JbG9yODV0NngwOExFQVJvTkwyY3ZNVEZtTUd0eFpEUjNZaEFCOA0&ap=KigKEgl_39EwSNVBQBFa0eY-vXVhQBISCaIkV0Ww20FAEVrR5jIxd2FAMAE&ved=2ahUKEwj_nKCFybGKAxXESMIFHUPlFawQyvcEegQIAxBx,False,False,True,True,False,False,False,True,True,True,False,True,True,True,False,False
3,ONE@Tokyo,3,https://www.google.com/travel/search?q=tokyo%20hotels&ts=CAESCgoCCAMKAggDEAAaUAoyEi4yJTB4NjA1ZDFiODdmMDJlNTdlNzoweDJlMDE2MThiMjI1NzFiODk6BVRva3lvGgASGhIUCgcI6Q8QARgPEgcI6Q8QARgQGAEyAhAAKg4KCBIBAzoDVFdEGgAoCA&sa=X&qs=CAEgASgAMihDaG9JODRLRXk1SGppYWVHQVJvTkwyY3ZNVEZrZUdwNE1uRXlYeEFCOA0&ap=KigKEgl_39EwSNVBQBFa0eY-vXVhQBISCaIkV0Ww20FAEVrR5jIxd2FAMAE&ved=2ahUKEwj_nKCFybGKAxXESMIFHUPlFawQyvcEegUIAxCTAQ,True,False,False,True,True,False,False,False,False,False,True,False,False,True,False,False
4,Hotel Keihan Tsukiji Ginza Grande,3,https://www.google.com/travel/search?q=tokyo%20hotels&ts=CAESCgoCCAMKAggDEAAaUAoyEi4yJTB4NjA1ZDFiODdmMDJlNTdlNzoweDJlMDE2MThiMjI1NzFiODk6BVRva3lvGgASGhIUCgcI6Q8QARgPEgcI6Q8QARgQGAEyAhAAKg4KCBIBAzoDVFdEGgAoCA&sa=X&qs=CAEgASgAMihDaG9JNWNxYzBkZnF0b1BEQVJvTkwyY3ZNVEZuTVRoNGMzTmZjUkFCOA0&ap=KigKEgl_39EwSNVBQBFa0eY-vXVhQBISCaIkV0Ww20FAEVrR5jIxd2FAMAE&ved=2ahUKEwj_nKCFybGKAxXESMIFHUPlFawQyvcEegUIAxCsAQ,False,True,False,True,True,False,False,False,False,False,False,True,False,True,False,False
5,TSUKI Tokyo,3,https://www.google.com/travel/search?q=tokyo%20hotels&ts=CAESCgoCCAMKAggDEAAaUAoyEi4yJTB4NjA1ZDFiODdmMDJlNTdlNzoweDJlMDE2MThiMjI1NzFiODk6BVRva3lvGgASGhIUCgcI6Q8QARgPEgcI6Q8QARgQGAEyAhAAKg4KCBIBAzoDVFdEGgAoCA&sa=X&qs=CAEgASgAMiZDaGdJMk92TnlMWDNraU1hRFM5bkx6RXhaMTk2TWpaeVkyUVFBUTgN&ap=KigKEgl_39EwSNVBQBFa0eY-vXVhQBISCaIkV0Ww20FAEVrR5jIxd2FAMAE&ved=2ahUKEwj_nKCFybGKAxXESMIFHUPlFawQyvcEegUIAxDGAQ,False,True,False,True,True,False,False,False,False,False,False,False,False,True,False,False
6,Hotel Oriental Express Tokyo Kamata,3,https://www.google.com/travel/search?q=tokyo%20hotels&ts=CAESCgoCCAMKAggDEAAaUAoyEi4yJTB4NjA1ZDFiODdmMDJlNTdlNzoweDJlMDE2MThiMjI1NzFiODk6BVRva3lvGgASGhIUCgcI6Q8QARgPEgcI6Q8QARgQGAEyAhAAKg4KCBIBAzoDVFdEGgAoCA&sa=X&qs=CAEgASgAMihDaG9JM2RiQXlZcXhwWkQtQVJvTkwyY3ZNVEZuZUY5eU1qTnlaaEFCOA0&ap=KigKEgl_39EwSNVBQBFa0eY-vXVhQBISCaIkV0Ww20FAEVrR5jIxd2FAMAE&ved=2ahUKEwj_nKCFybGKAxXESMIFHUPlFawQyvcEegUIAxDjAQ,True,False,False,True,True,False,False,False,False,False,False,True,False,True,False,False
7,Hotel Wing International Select Asakusa Komagata,3,https://www.google.com/travel/search?q=tokyo%20hotels&ts=CAESCgoCCAMKAggDEAAaUAoyEi4yJTB4NjA1ZDFiODdmMDJlNTdlNzoweDJlMDE2MThiMjI1NzFiODk6BVRva3lvGgASGhIUCgcI6Q8QARgPEgcI6Q8QARgQGAEyAhAAKg4KCBIBAzoDVFdEGgAoCA&sa=X&qs=CAEgASgAMidDaGtJN2U3UmdfdWJncEJYR2cwdlp5OHhNV014ZG0xZlpIcG9FQUU4DQ&ap=KigKEgl_39EwSNVBQBFa0eY-vXVhQBISCaIkV0Ww20FAEVrR5jIxd2FAMAE&ved=2ahUKEwj_nKCFybGKAxXESMIFHUPlFawQyvcEegUIAxD-AQ,False,False,False,True,True,False,False,False,False,False,True,False,False,False,False,False
8,HOTEL GRAPHY NEZU,3,https://www.google.com/travel/search?q=tokyo%20hotels&ts=CAESCgoCCAMKAggDEAAaUAoyEi4yJTB4NjA1ZDFiODdmMDJlNTdlNzoweDJlMDE2MThiMjI1NzFiODk6BVRva3lvGgASGhIUCgcI6Q8QARgPEgcI6Q8QARgQGAEyAhAAKg4KCBIBAzoDVFdEGgAoCA&sa=X&qs=CAEgASgAMiZDaGdJNE15RWhKX3Q3c0pnR2d3dlp5OHhNbkZuYW5SNWFHNFFBUTgN&ap=KigKEgl_39EwSNVBQBFa0eY-vXVhQBISCaIkV0Ww20FAEVrR5jIxd2FAMAE&ved=2ahUKEwj_nKCFybGKAxXESMIFHUPlFawQyvcEegUIAxCcAg,False,True,False,True,True,False,True,False,False,False,True,False,False,True,False,False
9,KEIO Plaza Hotel Hachiōji,3,https://www.google.com/travel/search?q=tokyo%20hotels&ts=CAESCgoCCAMKAggDEAAaUAoyEi4yJTB4NjA1ZDFiODdmMDJlNTdlNzoweDJlMDE2MThiMjI1NzFiODk6BVRva3lvGgASGhIUCgcI6Q8QARgPEgcI6Q8QARgQGAEyAhAAKg4KCBIBAzoDVFdEGgAoCA&sa=X&qs=CAEgASgAMiRDaGNJbmNYMS1KU2RrLU52R2dzdlp5OHhkR2QzY3psb2RoQUI4DQ&ap=KigKEgl_39EwSNVBQBFa0eY-vXVhQBISCaIkV0Ww20FAEVrR5jIxd2FAMAE&ved=2ahUKEwj_nKCFybGKAxXESMIFHUPlFawQyvcEegUIAxC3Ag,True,False,False,True,True,False,False,False,False,False,False,True,False,True,False,False
10,Sakura Cross Hotel Ueno Okachimachi,3,https://www.google.com/travel/search?q=tokyo%20hotels&ts=CAESCgoCCAMKAggDEAAaUAoyEi4yJTB4NjA1ZDFiODdmMDJlNTdlNzoweDJlMDE2MThiMjI1NzFiODk6BVRva3lvGgASGhIUCgcI6Q8QARgPEgcI6Q8QARgQGAEyAhAAKg4KCBIBAzoDVFdEGgAoCA&sa=X&qs=CAEgASgAMihDaG9Ja3Z6eGdzNlk2TGkyQVJvTkwyY3ZNVEZuYldaNGNucHdOQkFCOA0&ap=KigKEgl_39EwSNVBQBFa0eY-vXVhQBISCaIkV0Ww20FAEVrR5jIxd2FAMAE&ved=2ahUKEwj_nKCFybGKAxXESMIFHUPlFawQyvcEegUIAxDSAg,False,False,False,True,False,False,False,False,False,False,False,False,False,True,False,False
11,Via Inn Prime Akasaka,3,https://www.google.com/travel/search?q=tokyo%20hotels&ts=CAESCgoCCAMKAggDEAAaUAoyEi4yJTB4NjA1ZDFiODdmMDJlNTdlNzoweDJlMDE2MThiMjI1NzFiODk6BVRva3lvGgASGhIUCgcI6Q8QARgPEgcI6Q8QARgQGAEyAhAAKg4KCBIBAzoDVFdEGgAoCA&sa=X&qs=CAEgASgAMidDaGtJMjd1NnM3ZjV1WUJKR2cwdlp5OHhNV1p3Wm1nM2JUSjJFQUU4DQ&ap=KigKEgl_39EwSNVBQBFa0eY-vXVhQBISCaIkV0Ww20FAEVrR5jIxd2FAMAE&ved=2ahUKEwj_nKCFybGKAxXESMIFHUPlFawQyvcEegUIAxDtAg,True,False,False,True,True,False,False,False,False,False,True,False,True,True,False,False
12,The Royal Park Canvas Ginza 8,3,https://www.google.com/travel/search?q=tokyo%20hotels&ts=CAESCgoCCAMKAggDEAAaUAoyEi4yJTB4NjA1ZDFiODdmMDJlNTdlNzoweDJlMDE2MThiMjI1NzFiODk6BVRva3lvGgASGhIUCgcI6Q8QARgPEgcI6Q8QARgQGAEyAhAAKg4KCBIBAzoDVFdEGgAoCA&sa=X&qs=CAEgASgAMidDaGtJa092WndPckFoSjhfR2cwdlp5OHhNV1kzWWpVME5ITXpFQUU4DQ&ap=KigKEgl_39EwSNVBQBFa0eY-vXVhQBISCaIkV0Ww20FAEVrR5jIxd2FAMAE&ved=2ahUKEwj_nKCFybGKAxXESMIFHUPlFawQyvcEegUIAxCGAw,True,False,True,True,True,False,False,False,False,False,True,False,False,True,False,False
13,THE KANZASHI TOKYO ASAKUSA,3,https://www.google.com/travel/search?q=tokyo%20hotels&ts=CAESCgoCCAMKAggDEAAaUAoyEi4yJTB4NjA1ZDFiODdmMDJlNTdlNzoweDJlMDE2MThiMjI1NzFiODk6BVRva3lvGgASGhIUCgcI6Q8QARgPEgcI6Q8QARgQGAEyAhAAKg4KCBIBAzoDVFdEGgAoCA&sa=X&qs=CAEgASgAMihDaG9JaXIyOHFLV1I2czd2QVJvTkwyY3ZNVEZ0T1Y4MVpuRmlaQkFCOA0&ap=KigKEgl_39EwSNVBQBFa0eY-vXVhQBISCaIkV0Ww20FAEVrR5jIxd2FAMAE&ved=2ahUKEwj_nKCFybGKAxXESMIFHUPlFawQyvcEegUIAxCiAw,True,False,False,True,False,False,False,False,False,False,False,True,False,True,False,False
14,Sotetsu Fresa Inn Higashi-Shinjuku Ekimae,3,https://www.google.com/travel/search?q=tokyo%20hotels&ts=CAESCgoCCAMKAggDEAAaUAoyEi4yJTB4NjA1ZDFiODdmMDJlNTdlNzoweDJlMDE2MThiMjI1NzFiODk6BVRva3lvGgASGhIUCgcI6Q8QARgPEgcI6Q8QARgQGAEyAhAAKg4KCBIBAzoDVFdEGgAoCA&sa=X&qs=CAEgASgAMiZDaGdJdF83UW9wU0V0b1BIQVJvTEwyY3ZNWFJqZG5SMmJqQVFBUTgN&ap=KigKEgl_39EwSNVBQBFa0eY-vXVhQBISCaIkV0Ww20FAEVrR5jIxd2FAMAE&ved=2ahUKEwj_nKCFybGKAxXESMIFHUPlFawQyvcEegUIAxC7Aw,True,False,False,True,True,False,False,False,False,False,False,False,False,True,False,False
15,hotel MONday TOKYO NISHIKASAI,3,https://www.google.com/travel/search?q=tokyo%20hotels&ts=CAESCgoCCAMKAggDEAAaUAoyEi4yJTB4NjA1ZDFiODdmMDJlNTdlNzoweDJlMDE2MThiMjI1NzFiODk6BVRva3lvGgASGhIUCgcI6Q8QARgPEgcI6Q8QARgQGAEyAhAAKg4KCBIBAzoDVFdEGgAoCA&sa=X&qs=CAEgASgAMihDaG9JcS15VWhjYUdvUG5XQVJvTkwyY3ZNVEZtYW1ab1ltWTNNUkFCOA0&ap=KigKEgl_39EwSNVBQBFa0eY-vXVhQBISCaIkV0Ww20FAEVrR5jIxd2FAMAE&ved=2ahUKEwj_nKCFybGKAxXESMIFHUPlFawQyvcEegUIAxDYAw,True,False,False,True,True,False,False,False,False,False,False,True,False,True,False,False
16,Hotel Musse Ginza Meitetsu,3,https://www.google.com/travel/search?q=tokyo%20hotels&ts=CAESCgoCCAMKAggDEAAaUAoyEi4yJTB4NjA1ZDFiODdmMDJlNTdlNzoweDJlMDE2MThiMjI1NzFiODk6BVRva3lvGgASGhIUCgcI6Q8QARgPEgcI6Q8QARgQGAEyAhAAKg4KCBIBAzoDVFdEGgAoCA&sa=X&qs=CAEgASgAMidDaGtJa3JpMnhmNzBvYVJSR2cwdlp5OHhNV2RpTTNvd2NqWjRFQUU4DQ&ap=KigKEgl_39EwSNVBQBFa0eY-vXVhQBISCaIkV0Ww20FAEVrR5jIxd2FAMAE&ved=2ahUKEwj_nKCFybGKAxXESMIFHUPlFawQyvcEegUIAxDvAw,True,False,False,True,True,False,False,False,False,False,False,True,False,True,False,False
17,APA HOTEL 〈AKIHABARA EKIKITA〉,3,https://www.google.com/travel/search?q=tokyo%20hotels&ts=CAESCgoCCAMKAggDEAAaUAoyEi4yJTB4NjA1ZDFiODdmMDJlNTdlNzoweDJlMDE2MThiMjI1NzFiODk6BVRva3lvGgASGhIUCgcI6Q8QARgPEgcI6Q8QARgQGAEyAhAAKg4KCBIBAzoDVFdEGgAoCA&sa=X&qs=CAEgASgAMihDaG9JLWNmVXEtclk2ZjJLQVJvTkwyY3ZNVEZxTlRrM2Myc3lkQkFCOA0&ap=KigKEgl_39EwSNVBQBFa0eY-vXVhQBISCaIkV0Ww20FAEVrR5jIxd2FAMAE&ved=2ahUKEwj_nKCFybGKAxXESMIFHUPlFawQyvcEegUIAxCMBA,True,False,False,True,True,False,False,False,False,False,False,True,False,False,False,False
18,APA Hotel Akihabara-Ekihigashi,3,https://www.google.com/travel/search?q=tokyo%20hotels&ts=CAESCgoCCAMKAggDEAAaUAoyEi4yJTB4NjA1ZDFiODdmMDJlNTdlNzoweDJlMDE2MThiMjI1NzFiODk6BVRva3lvGgASGhIUCgcI6Q8QARgPEgcI6Q8QARgQGAEyAhAAKg4KCBIBAzoDVFdEGgAoCA&sa=X&qs=CAESBENCST0gASgAMidDaGtJOXJXRDZMN192LTlER2cwdlp5OHhNWEZuTTJReU1tMDBFQUU4DUgA&ap=KigKEgl_39EwSNVBQBFa0eY-vXVhQBISCaIkV0Ww20FAEVrR5jIxd2FAMAE&ved=0CCEQyvcEahcKEwjw1qGGybGKAxUAAAAAHQAAAAAQFw,True,False,False,True,False,False,False,False,False,False,False,False,False,False,False,False
19,Hotel Gracery Tamachi,3,https://www.google.com/travel/search?q=tokyo%20hotels&ts=CAESCgoCCAMKAggDEAAaUAoyEi4yJTB4NjA1ZDFiODdmMDJlNTdlNzoweDJlMDE2MThiMjI1NzFiODk6BVRva3lvGgASGhIUCgcI6Q8QARgPEgcI6Q8QARgQGAEyAhAAKg4KCBIBAzoDVFdEGgAoCA&sa=X&qs=CAESBENCST0gASgAMiRDaGNJOHZla2w2bVo0UFJlR2dzdlp5OHhkR1ExTTJZeU1CQUI4DUgA&ap=KigKEgl_39EwSNVBQBFa0eY-vXVhQBISCaIkV0Ww20FAEVrR5jIxd2FAMAE&ved=0CDwQyvcEahcKEwjw1qGGybGKAxUAAAAAHQAAAAAQFw,True,False,False,True,True,False,False,False,False,False,True,False,False,True,False,False
20,remm Roppongi,3,https://www.google.com/travel/search?q=tokyo%20hotels&ts=CAESCgoCCAMKAggDEAAaUAoyEi4yJTB4NjA1ZDFiODdmMDJlNTdlNzoweDJlMDE2MThiMjI1NzFiODk6BVRva3lvGgASGhIUCgcI6Q8QARgPEgcI6Q8QARgQGAEyAhAAKg4KCBIBAzoDVFdEGgAoCA&sa=X&qs=CAESBENCST0gASgAMidDaGtJOElyTHpzYmx6T01hR2cwdlp5OHhNV056WW5Ka01YbzRFQUU4DUgA&ap=KigKEgl_39EwSNVBQBFa0eY-vXVhQBISCaIkV0Ww20FAEVrR5jIxd2FAMAE&ved=0CFcQyvcEahcKEwjw1qGGybGKAxUAAAAAHQAAAAAQFw,True,False,False,True,True,False,False,False,False,False,False,False,False,True,False,False
21,Shiba Park Hotel,3,https://www.google.com/travel/search?q=tokyo%20hotels&ts=CAESCgoCCAMKAggDEAAaUAoyEi4yJTB4NjA1ZDFiODdmMDJlNTdlNzoweDJlMDE2MThiMjI1NzFiODk6BVRva3lvGgASGhIUCgcI6Q8QARgPEgcI6Q8QARgQGAEyAhAAKg4KCBIBAzoDVFdEGgAoCA&sa=X&qs=CAESBENCST0gASgAMidDaGtJaU5YbHZxM3IwWm5lQVJvTUwyY3ZNWG8wTkdJd01HMWpFQUU4DUgA&ap=KigKEgl_39EwSNVBQBFa0eY-vXVhQBISCaIkV0Ww20FAEVrR5jIxd2FAMAE&ved=0CH4QyvcEahcKEwjw1qGGybGKAxUAAAAAHQAAAAAQFw,False,False,False,True,True,False,False,False,False,False,False,True,False,True,False,True
22,Tosei Hotel Cocone Ueno,3,https://www.google.com/travel/search?q=tokyo%20hotels&ts=CAESCgoCCAMKAggDEAAaUAoyEi4yJTB4NjA1ZDFiODdmMDJlNTdlNzoweDJlMDE2MThiMjI1NzFiODk6BVRva3lvGgASGhIUCgcI6Q8QARgPEgcI6Q8QARgQGAEyAhAAKg4KCBIBAzoDVFdEGgAoCA&sa=X&qs=CAESBENCST0gASgAMihDaG9Ja2MteGs5S2U4c1hyQVJvTkwyY3ZNVEZtWmpSZmNYZG5lQkFCOA1IAA&ap=KigKEgl_39EwSNVBQBFa0eY-vXVhQBISCaIkV0Ww20FAEVrR5jIxd2FAMAE&ved=0CJUBEMr3BGoXChMI8NahhsmxigMVAAAAAB0AAAAAEBc,True,False,False,True,False,False,False,False,False,False,False,False,False,True,False,False
23,ASAKUSA KOKONO CLUB HOTEL,3,https://www.google.com/travel/search?q=tokyo%20hotels&ts=CAESCgoCCAMKAggDEAAaUAoyEi4yJTB4NjA1ZDFiODdmMDJlNTdlNzoweDJlMDE2MThiMjI1NzFiODk6BVRva3lvGgASGhIUCgcI6Q8QARgPEgcI6Q8QARgQGAEyAhAAKg4KCBIBAzoDVFdEGgAoCA&sa=X&qs=CAESBENCST0gASgAMidDaGtJbU5iaGtwblB5LUVGR2cwdlp5OHhNV056Y1daeWRERjJFQUU4DUgA&ap=KigKEgl_39EwSNVBQBFa0eY-vXVhQBISCaIkV0Ww20FAEVrR5jIxd2FAMAE&ved=0CLMBEMr3BGoXChMI8NahhsmxigMVAAAAAB0AAAAAEBc,False,False,False,True,True,False,True,False,False,False,False,False,False,True,False,False
24,Lotte City Hotel Kinshicho,3,https://www.google.com/travel/search?q=tokyo%20hotels&ts=CAESCgoCCAMKAggDEAAaUAoyEi4yJTB4NjA1ZDFiODdmMDJlNTdlNzoweDJlMDE2MThiMjI1NzFiODk6BVRva3lvGgASGhIUCgcI6Q8QARgPEgcI6Q8QARgQGAEyAhAAKg4KCBIBAzoDVFdEGgAoCA&sa=X&qs=CAESBENCST0gASgAMiZDaGdJNWNPSndkWDltdU5lR2d3dlp5OHhjVFpxTnpGZk4za1FBUTgNSAA&ap=KigKEgl_39EwSNVBQBFa0eY-vXVhQBISCaIkV0Ww20FAEVrR5jIxd2FAMAE&ved=0CMwBEMr3BGoXChMI8NahhsmxigMVAAAAAB0AAAAAEBc,True,True,False,True,True,False,False,False,False,False,False,True,False,True,False,False
25,Henn na Hotel Tokyo Asakusa Tawaramachi,3,https://www.google.com/travel/search?q=tokyo%20hotels&ts=CAESCgoCCAMKAggDEAAaUAoyEi4yJTB4NjA1ZDFiODdmMDJlNTdlNzoweDJlMDE2MThiMjI1NzFiODk6BVRva3lvGgASGhIUCgcI6Q8QARgPEgcI6Q8QARgQGAEyAhAAKg4KCBIBAzoDVFdEGgAoCA&sa=X&qs=CAESBENCST0gASgAMihDaG9JeWNYOXY2alc5cUNTQVJvTkwyY3ZNVEZvTUdkNmJHaG9kQkFCOA1IAA&ap=KigKEgl_39EwSNVBQBFa0eY-vXVhQBISCaIkV0Ww20FAEVrR5jIxd2FAMAE&ved=0COMBEMr3BGoXChMI8NahhsmxigMVAAAAAB0AAAAAEBc,True,True,False,True,True,False,False,False,False,False,False,True,False,True,False,False
26,Agora Place Tokyo Asakusa,3,https://www.google.com/travel/search?q=tokyo%20hotels&ts=CAESCgoCCAMKAggDEAAaUAoyEi4yJTB4NjA1ZDFiODdmMDJlNTdlNzoweDJlMDE2MThiMjI1NzFiODk6BVRva3lvGgASGhIUCgcI6Q8QARgPEgcI6Q8QARgQGAEyAhAAKg4KCBIBAzoDVFdEGgAoCA&sa=X&qs=CAESBENCST0gASgAMidDaGtJOTZfNWxvR0RtTHl1QVJvTUwyY3ZNVEpzY21ab2QzSjVFQUU4DUgA&ap=KigKEgl_39EwSNVBQBFa0eY-vXVhQBISCaIkV0Ww20FAEVrR5jIxd2FAMAE&ved=0CPwBEMr3BGoXChMI8NahhsmxigMVAAAAAB0AAAAAEBc,False,True,False,True,True,False,False,False,False,False,False,False,False,True,False,False
27,hotel MONday AKIHABARA-ASAKUSABASHI,3,https://www.google.com/travel/search?q=tokyo%20hotels&ts=CAESCgoCCAMKAggDEAAaUAoyEi4yJTB4NjA1ZDFiODdmMDJlNTdlNzoweDJlMDE2MThiMjI1NzFiODk6BVRva3lvGgASGhIUCgcI6Q8QARgPEgcI6Q8QARgQGAEyAhAAKg4KCBIBAzoDVFdEGgAoCA&sa=X&qs=CAESBENCST0gASgAMidDaGtJcUlQel9kN0tpdWNtR2cwdlp5OHhNV2cxTkRFM2RuQTJFQUU4DUgA&ap=KigKEgl_39EwSNVBQBFa0eY-vXVhQBISCaIkV0Ww20FAEVrR5jIxd2FAMAE&ved=0CJYCEMr3BGoXChMI8NahhsmxigMVAAAAAB0AAAAAEBc,True,False,False,True,False,False,True,False,False,False,False,True,False,True,False,False
28,Richmond Hotel Premier Tokyo Schole,3,https://www.google.com/travel/search?q=tokyo%20hotels&ts=CAESCgoCCAMKAggDEAAaUAoyEi4yJTB4NjA1ZDFiODdmMDJlNTdlNzoweDJlMDE2MThiMjI1NzFiODk6BVRva3lvGgASGhIUCgcI6Q8QARgPEgcI6Q8QARgQGAEyAhAAKg4KCBIBAzoDVFdEGgAoCA&sa=X&qs=CAESBENCST0gASgAMidDaGtJLTdUUGtKZXl6OWQ1R2cwdlp5OHhNV05zYzJScmRqRmZFQUU4DUgA&ap=KigKEgl_39EwSNVBQBFa0eY-vXVhQBISCaIkV0Ww20FAEVrR5jIxd2FAMAE&ved=0CLECEMr3BGoXChMI8NahhsmxigMVAAAAAB0AAAAAEBc,True,False,False,True,True,False,False,False,False,False,False,False,False,True,False,False
29,remm Tokyo Kyobashi,3,https://www.google.com/travel/search?q=tokyo%20hotels&ts=CAESCgoCCAMKAggDEAAaUAoyEi4yJTB4NjA1ZDFiODdmMDJlNTdlNzoweDJlMDE2MThiMjI1NzFiODk6BVRva3lvGgASGhIUCgcI6Q8QARgPEgcI6Q8QARgQGAEyAhAAKg4KCBIBAzoDVFdEGgAoCA&sa=X&qs=CAESBENCST0gASgAMidDaGtJek92bjBOM0NxY3Q5R2cwdlp5OHhNV1k1ZUcxZmMyc3hFQUU4DUgA&ap=KigKEgl_39EwSNVBQBFa0eY-vXVhQBISCaIkV0Ww20FAEVrR5jIxd2FAMAE&ved=0CMoCEMr3BGoXChMI8NahhsmxigMVAAAAAB0AAAAAEBc,True,False,False,True,False,False,False,False,False,False,False,False,False,True,False,False
30,Dormy Inn Premium Tokyo Kodenmacho,3,https://www.google.com/travel/search?q=tokyo%20hotels&ts=CAESCgoCCAMKAggDEAAaUAoyEi4yJTB4NjA1ZDFiODdmMDJlNTdlNzoweDJlMDE2MThiMjI1NzFiODk6BVRva3lvGgASGhIUCgcI6Q8QARgPEgcI6Q8QARgQGAEyAhAAKg4KCBIBAzoDVFdEGgAoCA&sa=X&qs=CAESBENCST0gASgAMihDaG9JLXVqcnVhakppYkdLQVJvTkwyY3ZNVEZqTVRNMU1uQXhjaEFCOA1IAA&ap=KigKEgl_39EwSNVBQBFa0eY-vXVhQBISCaIkV0Ww20FAEVrR5jIxd2FAMAE&ved=0COgCEMr3BGoXChMI8NahhsmxigMVAAAAAB0AAAAAEBc,True,False,False,True,True,False,False,False,False,False,False,False,True,True,True,False
31,Tosei Hotel Cocone Asakusa Kuramae,3,https://www.google.com/travel/search?q=tokyo%20hotels&ts=CAESCgoCCAMKAggDEAAaUAoyEi4yJTB4NjA1ZDFiODdmMDJlNTdlNzoweDJlMDE2MThiMjI1NzFiODk6BVRva3lvGgASGhIUCgcI6Q8QARgPEgcI6Q8QARgQGAEyAhAAKg4KCBIBAzoDVFdEGgAoCA&sa=X&qs=CAESBENCST0gASgAMidDaGtJeGJPN284T2kzUHBFR2cwdlp5OHhNV1p5ZVRjM1pHdHNFQUU4DUgA&ap=KigKEgl_39EwSNVBQBFa0eY-vXVhQBISCaIkV0Ww20FAEVrR5jIxd2FAMAE&ved=0CIMDEMr3BGoXChMI8NahhsmxigMVAAAAAB0AAAAAEBc,True,False,False,True,False,False,False,False,False,False,False,False,True,True,False,False
32,Hotel Mystays Asakusabashi,3,https://www.google.com/travel/search?q=tokyo%20hotels&ts=CAESCgoCCAMKAggDEAAaUAoyEi4yJTB4NjA1ZDFiODdmMDJlNTdlNzoweDJlMDE2MThiMjI1NzFiODk6BVRva3lvGgASGhIUCgcI6Q8QARgPEgcI6Q8QARgQGAEyAhAAKg4KCBIBAzoDVFdEGgAoCA&sa=X&qs=CAESBENCST0gASgAMiRDaGNJblo2WXBJX204cDlyR2dzdlp5OHhkR04wWm14NU5SQUI4DUgA&ap=KigKEgl_39EwSNVBQBFa0eY-vXVhQBISCaIkV0Ww20FAEVrR5jIxd2FAMAE&ved=0CJwDEMr3BGoXChMI8NahhsmxigMVAAAAAB0AAAAAEBc,False,False,False,True,False,False,False,False,False,False,False,True,False,False,False,False
33,OURS INN HANKYU,3,https://www.google.com/travel/search?q=tokyo%20hotels&ts=CAESCgoCCAMKAggDEAAaUAoyEi4yJTB4NjA1ZDFiODdmMDJlNTdlNzoweDJlMDE2MThiMjI1NzFiODk6BVRva3lvGgASGhIUCgcI6Q8QARgPEgcI6Q8QARgQGAEyAhAAKg4KCBIBAzoDVFdEGgAoCA&sa=X&qs=CAESBENCST0gASgAMiRDaGNJME1hOHJzUE1uT05RR2dzdlp5OHhkR1p6YUdONlloQUI4DUgA&ap=KigKEgl_39EwSNVBQBFa0eY-vXVhQBISCaIkV0Ww20FAEVrR5jIxd2FAMAE&ved=0CLMDEMr3BGoXChMI8NahhsmxigMVAAAAAB0AAAAAEBc,False,True,False,True,False,False,False,False,True,False,False,True,True,True,True,True
34,Hotel Ryumeikan Tokyo,3,https://www.google.com/travel/search?q=tokyo%20hotels&ts=CAESCgoCCAMKAggDEAAaUAoyEi4yJTB4NjA1ZDFiODdmMDJlNTdlNzoweDJlMDE2MThiMjI1NzFiODk6BVRva3lvGgASGhIUCgcI6Q8QARgPEgcI6Q8QARgQGAEyAhAAKg4KCBIBAzoDVFdEGgAoCA&sa=X&qs=CAESBENCST0gASgAMiRDaGNJOE43bWlNQ242T3hQR2dzdlp5OHhNakk0YkhkM05SQUI4DUgA&ap=KigKEgl_39EwSNVBQBFa0eY-vXVhQBISCaIkV0Ww20FAEVrR5jIxd2FAMAE&ved=0CM4DEMr3BGoXChMI8NahhsmxigMVAAAAAB0AAAAAEBc,True,False,False,True,False,False,False,False,False,False,False,True,False,True,False,False
35,Citadines Shinjuku Tokyo,3,https://www.google.com/travel/search?q=tokyo%20hotels&ts=CAESCgoCCAMKAggDEAAaUAoyEi4yJTB4NjA1ZDFiODdmMDJlNTdlNzoweDJlMDE2MThiMjI1NzFiODk6BVRva3lvGgASGhIUCgcI6Q8QARgPEgcI6Q8QARgQGAEyAhAAKg4KCBIBAzoDVFdEGgAoCA&sa=X&qs=CAESBENCST0gASgAMiRDaGNJc2I3M2pJWEZsY2hWR2dzdlp5OHhkR3N4ZWpCeGR4QUI4DUgA&ap=KigKEgl_39EwSNVBQBFa0eY-vXVhQBISCaIkV0Ww20FAEVrR5jIxd2FAMAE&ved=0COcDEMr3BGoXChMI8NahhsmxigMVAAAAAB0AAAAAEBc,True,False,True,True,True,True,False,False,False,False,False,True,False,True,False,False
